{
  "overall": {
    "direct": {
      "DT xSIID": 0.09581615513818903,
      "VivoKey Apex Flex": 0.01893418842571385,
      "DT NExT": 0.22553061536112384,
      "VivoKey Spark1": 0.01343716597953886,
      "DT xG3 v1": 0.056649870209192245,
      "VivoKey Spark2": 0.08230264162467553,
      "DT xNT": 0.04405252710337456,
      "DT xEM": 0.0786379599938922,
      "DT xLED HF": 0.0467246907924874,
      "DT xMagic": 0.0336692624828218,
      "DT xBT": 0.008856313941059703,
      "DT TiTAN": 0.02366773553214231,
      "DT xG3 v2": 0.043976179569399906,
      "FlexClass": 0.002824858757062147,
      "DT flexUG4": 0.0024431210871888836,
      "DT flexDF2": 0.006107802717972209,
      "DT xM1+": 0.014200641319285386,
      "DT xLED LF": 0.007482058329515957,
      "DT xHT": 0.0019086883493663156,
      "DT flexEM": 0.0054206749122003356,
      "DT xSLX": 0.004809894640403115,
      "DT Payment Conversion": 0.005038937242327073,
      "DT flexMT": 0.002137730951290273,
      "DT flexSecure": 0.0023667735532142313,
      "DT xDF2": 0.01427698885326004,
      "DT flexNT": 0.006260497785921515,
      "DT flexM1 G2": 0.00320659642693541,

      "DT flexM1 G1a": 0.003970071766681936,
      "DT flexNExT": 0.0024431210871888836,

      "DT xM1 G2": 0.0023667735532142313,
      "DT flexDF": 0.0006871278057718735,
      "DT flexMN": 0.0010688654756451366,
      "DT TeslaFlex": 0.0003817376698732631,
      "VivoKey Apex Mega": 0.0006871278057718735

    }
  },
  "2019": {
    "direct": {
      "DT xNT": 0.06828627708470125,
      "DT xEM": 0.0840446487196323,
      "VivoKey Spark1": 0.10374261326329613,
      "DT xDF2": 0.043992120814182537,
      "DT xBT": 0.01969796454366382,
      "DT flexDF": 0.003282994090610637,
      "DT flexNT": 0.013788575180564675,
      "DT xG3 v1": 0.14248194353250165,
      "DT NExT": 0.23703217334208798,
      "VivoKey Spark2": 0.06106369008535785,
      "DT flexM1 G1a": 0.0006565988181221273,

      "DT flexDF2": 0.010505581089954037,
      "DT TeslaFlex": 0.0026263952724885093,
      "DT xLED HF": 0.15233092580433355,
      "DT Payment Conversion": 0.0006565988181221273,
      "DT xM1+": 0.023637557452396585,

      "DT xHT": 0.001969796454366382,
      "DT xMagic": 0.010505581089954037,
      "DT xG3 v2": 0.00984898227183191
    }
  },
  "2020": {
    "direct": {
      "DT xEM": 0.10434485118029421,
      "DT xLED HF": 0.06808073896681492,
      "DT xM1+": 0.02223742730071844,
      "DT xSIID": 0.05063291139240506,
      "DT xG3 v1": 0.04823811152925077,
      "DT Payment Conversion": 0.005815942524803284,
      "DT NExT": 0.26855969893944576,
      "DT xMagic": 0.047211768730756075,
      "DT xG3 v2": 0.041737940472117686,
      "VivoKey Spark2": 0.1495039343140609,
      "DT xNT": 0.09613410879233664,
      "VivoKey Spark1": 0.006158056790968184,
      "DT xDF2": 0.016421484775915155,
      "DT flexNT": 0.004789599726308587,
      "DT flexDF2": 0.005815942524803284,
      "DT xLED LF": 0.013000342114266164,
      "DT flexM1 G1a": 0.006842285323297981,

      "DT xBT": 0.008552856654122478,
      "DT xSLX": 0.005131713992473486,
      "DT xHT": 0.0020526855969893944,
      "DT flexEM": 0.006500171057133082,
      "DT flexM1 G2": 0.005131713992473486,
      "DT flexNExT": 0.01094765651727677,
      "DT flexMT": 0.005131713992473486,
      "DT flexDF": 0.0006842285323297981
    }
  },
  "2021": {
    "direct": {
      "DT TiTAN": 0.08358208955223881,
      "DT NExT": 0.26417910447761195,
      "VivoKey Spark2": 0.12611940298507462,
      "DT xEM": 0.05858208955223881,
      "DT flexM1 G1a": 0.005970149253731343,
      "DT xNT": 0.03134328358208955,
      "DT flexEM": 0.007462686567164179,
      "DT xSIID": 0.11417910447761194,
      "DT xLED LF": 0.011567164179104477,
      "DT xLED HF": 0.041791044776119404,
      "DT flexMN": 0.0052238805970149255,
      "DT flexMT": 0.0033582089552238806,
      "DT xG3 v1": 0.07723880597014926,
      "DT xG3 v2": 0.057462686567164176,
      "DT xBT": 0.004477611940298508,
      "DT xMagic": 0.027611940298507463,
      "DT Payment Conversion": 0.007462686567164179,
      "DT xM1+": 0.020522388059701493,
      "DT flexDF2": 0.0070895522388059705,
      "DT xDF2": 0.020895522388059702,
      "DT flexDF": 0.0007462686567164179,
      "DT flexNT": 0.004850746268656716,
      "DT xSLX": 0.006716417910447761,
      "DT xHT": 0.002238805970149254,
      "DT flexM1 G2": 0.006343283582089552,
      "FlexClass": 0.0026119402985074628,
      "VivoKey Apex Flex": 0.00037313432835820896
    }
  },
  "2022": {
    "direct": {
      "DT TiTAN": 0.03309431880860452,
      "DT NExT": 0.26475455046883617,
      "DT xEM": 0.10645339216767788,
      "DT xSIID": 0.1897407611693326,
      "VivoKey Spark2": 0.07115278543849972,
      "DT xM1+": 0.01654715940430226,
      "DT xNT": 0.020959735245449532,
      "DT flexM1 G1a": 0.00827357970215113,
      "VivoKey Apex Flex": 0.07997793712079426,
      "DT xMagic": 0.001654715940430226,
      "DT xG3 v2": 0.05515719801434087,
      "DT flexM1 G2": 0.005515719801434087,
      "DT flexEM": 0.007722007722007722,
      "DT xG3 v1": 0.06287920573634859,
      "DT xLED LF": 0.003861003861003861,
      "DT xDF2": 0.007170435741864313,
      "DT xSLX": 0.006067291781577496,
      "DT flexDF2": 0.00827357970215113,
      "DT flexNT": 0.00441257584114727,
      "DT xLED HF": 0.012134583563154992,
      "DT Payment Conversion": 0.005515719801434087,
      "DT xHT": 0.0027578599007170436,
      "FlexClass": 0.007170435741864313,
      "DT flexMT": 0.002206287920573635,
      "DT TeslaFlex": 0.0005515719801434088,

      "DT xBT": 0.012134583563154992,
      "DT flexSecure": 0.0027578599007170436
    }
  },
  "2023": {
    "direct": {
      "DT xSIID": 0.18827415359207267,
      "DT xG3 v2": 0.06440957886044592,
      "DT NExT": 0.29232039636663915,
      "DT xEM": 0.12056151940545004,
      "DT TiTAN": 0.021469859620148638,
      "FlexClass": 0.006606110652353427,
      "DT xNT": 0.02559867877786953,
      "VivoKey Apex Flex": 0.03963666391412056,
      "VivoKey Spark2": 0.02477291494632535,
      "DT xG3 v1": 0.05119735755573906,
      "DT flexNT": 0.010734929810074319,
      "DT flexDF2": 0.005780346820809248,
      "DT xLED HF": 0.011560693641618497,
      "DT xBT": 0.00990916597853014,
      "DT flexSecure": 0.00990916597853014,
      "DT xSLX": 0.006606110652353427,
      "DT Payment Conversion": 0.00495458298926507,
      "DT xHT": 0.002477291494632535,
      "DT flexEM": 0.0033030553261767133,
      "DT xDF2": 0.002477291494632535,
      "DT xMagic": 0.09413707679603633,

      "VivoKey Apex Mega": 0.0008257638315441783,
      "DT xM1 G2": 0.0008257638315441783
    }
  },
  "2024": {
    "direct": {
      "DT xSLX": 0.01020408163265306,
      "DT xMagic": 0.08905380333951762,
      "DT flexSecure": 0.012059369202226345,
      "VivoKey Apex Flex": 0.045454545454545456,
      "DT xSIID": 0.19758812615955473,
      "DT NExT": 0.22912801484230055,
      "DT xG3 v2": 0.08998144712430427,
      "VivoKey Spark2": 0.04730983302411874,
      "DT xEM": 0.08534322820037106,
      "DT Payment Conversion": 0.011131725417439703,
      "DT xM1 G2": 0.02411873840445269,
      "DT xNT": 0.03153988868274583,
      "DT flexNT": 0.011131725417439703,
      "DT xLED HF": 0.025974025974025976,
      "VivoKey Apex Mega": 0.006493506493506494,
      "DT xG3 v1": 0.0009276437847866419,
      "DT xLED LF": 0.01855287569573284,
      "DT flexEM": 0.011131725417439703,
      "DT flexUG4": 0.025974025974025976,
      "DT flexDF2": 0.00463821892393321,
      "DT xHT": 0.0009276437847866419,
      "FlexClass": 0.008348794063079777,
      "DT xBT": 0.012987012987012988
    }
  },
  "2025": {
    "direct": {
      "DT flexUG4": 0.04597701149425287,
      "VivoKey Apex Flex": 0.05747126436781609,
      "DT xSIID": 0.1839080459770115,
      "DT NExT": 0.21839080459770116,
      "DT xG3 v2": 0.11494252873563218,
      "DT xLED LF": 0.022988505747126436,
      "DT xEM": 0.10344827586206896,